posts_id,user_id,posts_type,content,receiver_id,time_created,viewed
1,968,message,et ultrices posuere cubilia curae nulla dapibus,542,2024-02-29 04:32:27,true
2,684,message,ut blandit non interdum in ante vestibulum ante ipsum,487,2024-02-29 10:22:00,false
3,141,story,blandit,907,2024-02-28 07:16:22,false
4,117,message,nibh quisque id justo sit amet sapien dignissim vestibulum vestibulum,245,2024-02-29 12:29:34,true
5,924,story,magna bibendum imperdiet,990,2024-03-01 10:36:16,false
6,864,message,felis,27,2024-03-01 13:22:03,true
7,546,message,fusce,710,2024-02-28 18:27:14,false
8,290,story,posuere cubilia curae mauris viverra,537,2024-02-28 21:14:30,true
9,183,message,magna vulputate luctus,248,2024-02-29 15:16:29,false
10,781,message,fusce,861,2024-02-29 20:35:08,false
11,850,story,ut ultrices vel augue vestibulum,971,2024-02-29 18:50:23,true
12,491,message,fermentum justo,983,2024-02-29 22:31:42,true
13,877,story,a suscipit nulla elit ac nulla,478,2024-02-29 14:18:33,true
14,51,message,porta volutpat quam pede,803,2024-02-29 15:36:57,false
15,807,message,nulla integer pede justo lacinia,438,2024-02-28 09:26:24,true
16,228,message,amet diam in magna,253,2024-02-29 10:42:33,false
17,366,story,augue vestibulum ante ipsum primis in faucibus,19,2024-02-29 12:19:36,true
18,563,story,ante ipsum primis in faucibus orci luctus,5,2024-03-01 18:35:02,false
19,616,message,orci luctus et,494,2024-02-29 19:43:06,false
20,333,message,sit,649,2024-02-29 15:45:18,true
21,222,story,volutpat eleifend donec ut dolor morbi,462,2024-02-28 09:31:17,false
22,611,story,odio cras mi pede malesuada in imperdiet,750,2024-02-29 07:56:12,false
23,862,story,viverra dapibus nulla suscipit ligula in,287,2024-02-29 00:18:12,false
24,91,story,suspendisse potenti in eleifend quam,828,2024-02-28 12:10:10,false
25,740,story,cras,795,2024-03-01 17:53:56,false
26,758,message,purus eu magna vulputate luctus cum sociis natoque,782,2024-02-28 14:54:06,true
27,112,story,lectus aliquam sit amet diam in,222,2024-02-29 03:09:58,false
28,694,message,et commodo vulputate justo in,790,2024-02-29 08:42:57,true
29,430,message,vivamus in felis eu sapien cursus,181,2024-02-29 18:50:00,true
30,990,story,lorem ipsum dolor sit amet consectetuer adipiscing,731,2024-02-29 11:40:06,false
31,56,story,velit nec nisi vulputate nonummy,429,2024-03-01 10:30:27,false
32,170,story,lectus suspendisse potenti in eleifend quam a odio,338,2024-02-29 18:43:44,false
33,523,message,diam nam tristique tortor,838,2024-03-01 21:17:29,false
34,596,story,vestibulum proin eu mi nulla ac enim in tempor turpis,719,2024-02-29 05:03:17,true
35,223,message,sed sagittis nam congue risus,405,2024-02-29 13:54:26,false
36,250,story,vulputate vitae nisl aenean lectus pellentesque eget nunc donec,192,2024-02-28 06:47:41,true
37,793,story,eleifend quam a odio in hac habitasse platea dictumst,414,2024-02-29 08:08:07,true
38,108,message,faucibus orci luctus et ultrices posuere cubilia,783,2024-03-01 14:30:49,true
39,298,message,est quam pharetra magna,137,2024-02-29 17:13:12,true
40,46,story,quis odio consequat varius integer ac leo pellentesque ultrices mattis,107,2024-03-01 03:54:07,false
41,633,story,amet cursus id turpis integer,398,2024-02-28 16:19:00,true
42,115,message,diam nam tristique,545,2024-02-28 22:48:54,false
43,681,story,id turpis integer aliquet massa id lobortis convallis,645,2024-02-29 23:33:01,false
44,574,story,pede,773,2024-03-01 17:28:44,true
45,865,message,augue a suscipit nulla elit ac,397,2024-03-01 19:20:50,false
46,581,story,vitae nisi nam ultrices libero non mattis pulvinar nulla pede,259,2024-02-28 07:12:23,false
47,238,story,donec quis orci eget orci vehicula,327,2024-03-01 11:20:04,true
48,655,message,tortor sollicitudin mi sit amet,161,2024-02-29 19:52:17,false
49,354,story,augue vestibulum rutrum rutrum neque aenean,362,2024-02-28 07:22:43,false
50,328,story,non mattis pulvinar nulla,944,2024-02-29 18:58:45,true
51,901,message,magna vestibulum aliquet ultrices,482,2024-03-01 18:24:31,false
52,91,story,hendrerit at vulputate vitae,972,2024-02-28 23:36:16,false
53,508,story,turpis integer aliquet massa id lobortis convallis tortor risus dapibus,979,2024-02-29 09:47:03,false
54,89,message,ipsum primis in faucibus orci,252,2024-02-28 18:05:45,true
55,66,message,nascetur ridiculus mus vivamus vestibulum sagittis sapien,399,2024-03-01 18:22:04,true
56,839,story,nisi at nibh in hac habitasse platea dictumst aliquam,675,2024-03-01 08:05:10,false
57,439,story,ante,429,2024-02-29 06:55:42,true
58,694,story,augue quam sollicitudin vitae consectetuer eget rutrum at,757,2024-03-01 06:13:46,false
59,557,message,nisl aenean lectus,615,2024-02-29 14:22:13,false
60,102,story,justo etiam pretium iaculis justo in hac,106,2024-02-29 16:43:49,true
61,75,story,quam sapien varius ut blandit,879,2024-02-29 02:55:10,false
62,914,story,accumsan felis,635,2024-03-01 12:37:33,true
63,262,message,vestibulum,867,2024-02-28 06:41:55,true
64,931,message,lorem quisque ut,379,2024-02-28 09:59:03,false
65,530,message,nulla suspendisse potenti cras in purus,226,2024-02-28 21:55:44,true
66,450,message,interdum mauris non,330,2024-03-01 19:24:04,true
67,713,story,dui luctus rutrum nulla,178,2024-02-28 12:31:44,false
68,921,message,orci luctus et ultrices posuere cubilia curae mauris,20,2024-02-28 16:21:56,true
69,771,story,integer ac neque duis bibendum,13,2024-03-01 09:40:43,true
70,472,story,in tempus sit amet sem fusce consequat,509,2024-02-28 10:08:53,true
71,482,message,natoque penatibus et magnis,124,2024-02-28 05:38:03,true
72,967,story,vitae nisl aenean lectus pellentesque eget,718,2024-02-29 02:29:32,false
73,147,message,porttitor pede justo eu massa,339,2024-02-29 23:51:38,true
74,587,message,posuere cubilia curae mauris viverra diam vitae,404,2024-03-01 07:22:37,true
75,637,story,ridiculus mus vivamus vestibulum sagittis sapien cum sociis natoque penatibus,846,2024-02-29 07:04:26,false
76,491,story,consequat in consequat ut nulla sed accumsan felis ut at,65,2024-03-01 15:30:52,true
77,593,story,in blandit ultrices enim lorem,948,2024-02-29 14:10:02,true
78,226,story,duis bibendum morbi non quam nec dui luctus rutrum nulla,250,2024-03-01 08:11:43,true
79,740,story,curae donec,952,2024-02-28 01:55:42,false
80,739,message,dui maecenas tristique est et,212,2024-03-01 05:55:28,true
81,44,story,morbi porttitor lorem id ligula suspendisse ornare,14,2024-02-28 23:06:29,false
82,213,message,tortor quis turpis sed ante,376,2024-02-28 19:41:35,true
83,433,message,suspendisse potenti in,942,2024-02-29 11:54:16,true
84,686,story,quis turpis eget elit sodales scelerisque mauris sit amet eros,505,2024-02-28 20:25:25,false
85,723,story,nascetur,639,2024-02-29 09:03:29,false
86,747,message,lacus,652,2024-03-01 06:13:44,false
87,803,message,ligula vehicula consequat,776,2024-02-28 11:51:30,true
88,717,story,aliquet maecenas leo,946,2024-02-29 01:30:47,true
89,665,message,lectus pellentesque at nulla,675,2024-03-01 12:42:24,false
90,454,message,feugiat et eros vestibulum ac,488,2024-02-28 12:21:20,false
91,743,story,sem sed sagittis nam congue risus semper porta volutpat quam,654,2024-03-01 01:03:12,true
92,669,message,nulla facilisi cras non,733,2024-02-29 15:11:12,true
93,360,message,proin eu mi nulla ac enim in tempor turpis,621,2024-03-01 01:36:50,true
94,592,message,est risus auctor sed tristique in tempus sit,454,2024-02-29 09:44:13,false
95,474,message,dui,504,2024-03-01 19:43:39,true
96,42,story,diam,184,2024-03-01 22:04:00,true
97,811,message,leo maecenas pulvinar lobortis est phasellus sit amet erat nulla,701,2024-02-28 17:26:39,true
98,295,message,sapien cursus,910,2024-02-28 07:36:54,true
99,580,message,libero ut massa volutpat convallis morbi odio,187,2024-02-28 02:04:20,true
100,403,message,convallis nunc,655,2024-02-29 07:20:50,true
101,108,story,id justo sit amet sapien dignissim,961,2024-03-01 19:57:26,false
102,541,story,interdum in ante,982,2024-02-28 17:40:04,false
103,222,story,platea dictumst etiam,549,2024-02-29 10:20:17,false
104,241,message,elementum in hac habitasse platea,674,2024-02-29 19:44:54,true
105,288,story,egestas metus aenean fermentum donec ut,466,2024-03-01 07:18:43,false
106,622,message,eget massa tempor convallis nulla neque libero convallis eget eleifend,349,2024-03-01 01:59:22,true
107,817,message,orci luctus,800,2024-03-01 10:58:34,true
108,646,message,nunc nisl duis bibendum felis sed interdum venenatis,640,2024-03-01 18:32:07,false
109,163,message,aliquam,566,2024-02-28 23:09:22,false
110,693,message,at nibh in hac habitasse platea,896,2024-03-01 10:02:20,false
111,369,story,lorem integer tincidunt ante vel ipsum praesent blandit,462,2024-02-28 21:19:48,false
112,760,story,sollicitudin,468,2024-02-28 15:34:38,false
113,929,message,eget congue eget semper rutrum nulla nunc purus,313,2024-02-28 07:54:49,false
114,659,story,enim blandit mi in porttitor pede,256,2024-02-29 12:14:46,false
115,270,message,cursus id turpis,972,2024-02-29 01:56:30,false
116,387,story,tempor turpis nec euismod scelerisque quam turpis adipiscing,240,2024-02-29 17:22:41,false
117,598,story,in quam,120,2024-02-29 06:05:20,true
118,633,message,faucibus orci,522,2024-03-01 12:02:15,false
119,970,story,tempor turpis,605,2024-02-29 06:24:06,true
120,16,story,ipsum primis in faucibus orci,636,2024-02-28 19:55:11,true
121,46,story,elit proin risus,963,2024-03-01 07:48:01,true
122,10,story,platea dictumst morbi vestibulum velit id pretium iaculis,161,2024-02-28 04:28:54,false
123,893,story,ligula suspendisse ornare consequat lectus in est risus auctor sed,883,2024-02-28 14:40:56,true
124,393,message,in libero ut massa volutpat convallis morbi odio odio elementum,514,2024-02-28 23:24:14,true
125,889,story,at dolor quis odio consequat,644,2024-02-28 16:43:14,true
126,768,story,amet nulla quisque arcu libero rutrum ac,307,2024-02-29 23:01:50,false
127,585,story,magna vestibulum aliquet ultrices erat tortor sollicitudin mi sit amet,505,2024-03-01 00:10:00,true
128,241,story,vel lectus in quam fringilla rhoncus mauris,854,2024-02-28 09:06:13,true
129,737,message,semper sapien a libero nam dui proin,409,2024-02-28 02:33:13,false
130,25,story,pellentesque eget nunc donec quis orci eget orci vehicula condimentum,156,2024-02-29 06:01:35,true
131,895,message,volutpat sapien,873,2024-03-01 03:15:04,true
132,715,message,eu mi,995,2024-03-01 13:17:08,false
133,229,story,faucibus orci luctus et ultrices posuere cubilia curae donec pharetra,827,2024-03-01 14:31:53,true
134,305,story,sed tincidunt eu felis fusce posuere felis sed lacus morbi,664,2024-03-01 06:31:41,false
135,169,story,lacinia aenean sit amet justo morbi ut odio cras mi,271,2024-03-01 17:14:58,false
136,718,message,suspendisse ornare,660,2024-02-29 17:45:55,true
137,709,story,neque,512,2024-02-29 00:03:45,true
138,433,story,quisque ut erat,170,2024-03-01 14:26:34,false
139,926,message,ligula vehicula consequat morbi,230,2024-02-28 15:20:31,false
140,940,story,dictumst aliquam augue,292,2024-03-01 12:17:49,true
141,574,story,elementum eu,216,2024-02-28 01:58:32,false
142,672,message,in,732,2024-03-01 09:10:06,false
143,784,message,ornare imperdiet sapien urna pretium,819,2024-03-01 14:49:59,false
144,794,story,erat,265,2024-03-01 13:20:09,true
145,365,story,mauris viverra diam vitae quam suspendisse potenti nullam porttitor lacus,904,2024-03-01 20:52:25,false
146,714,story,a pede,416,2024-02-29 15:28:48,false
147,777,message,justo morbi ut odio cras mi pede malesuada,400,2024-02-29 04:16:48,true
148,935,message,ipsum primis in faucibus orci luctus et ultrices,404,2024-02-28 22:41:44,false
149,47,message,nulla suspendisse,419,2024-03-01 09:56:12,false
150,928,story,quisque ut erat curabitur gravida nisi,405,2024-02-28 17:24:30,true
151,423,message,quam sapien varius ut blandit non,933,2024-02-29 18:21:24,false
152,743,message,vulputate,940,2024-03-01 10:07:36,true
153,95,message,ut volutpat sapien arcu sed augue aliquam,557,2024-03-01 14:14:45,false
154,647,story,nulla mollis,527,2024-02-29 21:11:38,true
155,265,story,quis orci nullam molestie nibh in lectus pellentesque,144,2024-03-01 04:34:53,false
156,844,message,sapien varius,679,2024-02-29 19:18:32,false
157,392,story,in imperdiet,190,2024-02-29 17:40:01,true
158,956,story,sed sagittis nam congue risus,433,2024-02-29 06:37:02,false
159,930,story,vestibulum sed magna at nunc commodo placerat,893,2024-03-01 21:55:25,false
160,719,message,posuere,855,2024-02-28 02:38:07,false
161,625,story,quam a odio,813,2024-03-01 06:49:54,false
162,705,story,in magna bibendum imperdiet nullam orci pede venenatis non sodales,322,2024-02-28 00:41:50,false
163,490,story,morbi non lectus aliquam sit amet diam in magna,180,2024-02-29 19:44:33,true
164,356,story,lectus in est risus auctor sed tristique in tempus sit,266,2024-03-01 19:24:01,true
165,255,message,montes nascetur ridiculus mus vivamus,433,2024-03-01 18:09:09,true
166,110,story,lacus purus,317,2024-03-01 10:44:07,false
167,280,story,non lectus,902,2024-03-01 13:42:25,false
168,268,story,ultrices posuere cubilia curae duis faucibus accumsan odio,357,2024-02-28 17:59:07,false
169,753,message,curabitur in libero,814,2024-03-01 16:30:06,true
170,215,story,venenatis tristique fusce congue diam id ornare imperdiet sapien urna,20,2024-02-28 05:11:05,false
171,130,story,sed,202,2024-03-01 01:09:03,true
172,478,message,a nibh,402,2024-03-01 11:45:30,false
173,864,story,pede morbi porttitor lorem id ligula suspendisse,113,2024-03-01 06:57:34,false
174,524,story,pede posuere,775,2024-03-01 23:45:39,false
175,682,story,in faucibus orci luctus et,666,2024-02-29 07:17:58,false
176,737,story,tortor sollicitudin mi sit amet lobortis sapien,429,2024-03-01 23:18:32,true
177,183,message,vel augue vestibulum ante ipsum primis in,970,2024-02-29 00:13:54,true
178,125,message,sapien in,970,2024-02-28 00:33:52,true
179,223,story,odio odio elementum eu interdum eu tincidunt,578,2024-02-28 23:59:05,true
180,601,story,luctus et ultrices,914,2024-02-28 15:23:55,true
181,722,story,turpis eget elit sodales,492,2024-02-28 07:19:42,true
182,375,story,nulla ac,833,2024-02-28 18:31:05,true
183,877,message,sed accumsan felis,303,2024-02-29 18:11:27,false
184,221,message,eget vulputate ut ultrices vel augue vestibulum ante ipsum primis,518,2024-03-01 16:00:08,true
185,524,message,lacinia eget tincidunt eget tempus vel pede morbi porttitor lorem,62,2024-03-01 03:57:32,true
186,804,story,at feugiat non pretium quis lectus,273,2024-02-28 05:13:36,true
187,687,message,in hac habitasse platea dictumst maecenas ut massa quis augue,225,2024-03-01 01:35:00,false
188,993,message,sociis natoque,216,2024-03-01 23:45:51,true
189,964,story,et,196,2024-02-28 07:42:41,false
190,595,story,lectus in quam,451,2024-02-28 05:35:00,false
191,886,story,nisl,160,2024-02-29 22:28:17,true
192,600,message,vel enim sit amet nunc viverra dapibus nulla suscipit ligula,245,2024-02-28 10:00:14,false
193,694,message,eros viverra eget congue eget semper rutrum nulla,906,2024-02-28 16:34:34,true
194,495,message,a feugiat et eros,304,2024-03-01 15:16:13,true
195,140,story,volutpat in congue etiam justo etiam,554,2024-02-28 08:29:42,true
196,974,message,quam turpis,372,2024-02-29 07:07:10,true
197,950,story,arcu,247,2024-02-28 12:44:53,false
198,236,story,augue quam sollicitudin vitae consectetuer eget rutrum at lorem integer,602,2024-02-28 09:14:56,false
199,324,message,parturient montes nascetur ridiculus mus,537,2024-02-28 00:06:47,false
200,253,story,platea,730,2024-02-29 07:44:22,true
201,774,message,nibh quisque id justo sit amet sapien dignissim,594,2024-02-29 00:36:14,true
202,275,story,risus,406,2024-02-28 02:08:09,true
203,421,message,id lobortis,288,2024-02-28 10:39:07,false
204,806,story,sem fusce consequat nulla nisl nunc nisl duis bibendum,401,2024-03-01 04:58:40,false
205,229,message,primis,816,2024-02-28 03:29:21,true
206,83,story,interdum mauris ullamcorper purus sit amet nulla quisque arcu,494,2024-02-28 03:42:26,true
207,985,story,vitae mattis nibh ligula,556,2024-02-29 17:10:50,true
208,631,message,dolor,425,2024-03-01 18:32:12,false
209,73,story,suscipit a feugiat,323,2024-02-29 21:35:39,false
210,79,message,tristique in tempus,4,2024-02-29 11:56:09,true
211,939,story,tortor duis mattis egestas metus aenean fermentum,705,2024-02-29 06:30:19,true
212,260,message,bibendum felis sed interdum venenatis turpis enim blandit,341,2024-03-01 21:00:19,true
213,269,message,nunc proin at turpis a pede posuere nonummy,680,2024-02-28 04:33:28,true
214,100,story,vel pede,609,2024-03-01 19:31:45,true
215,739,story,proin risus,703,2024-02-28 09:45:51,true
216,586,message,sapien varius ut blandit non interdum,782,2024-02-29 17:11:34,false
217,270,story,vulputate luctus cum sociis natoque penatibus et,528,2024-02-28 02:16:23,true
218,952,story,donec odio justo sollicitudin ut suscipit a feugiat,16,2024-03-01 02:19:13,true
219,1000,story,id pretium iaculis,404,2024-03-01 14:23:48,false
220,418,message,ultrices libero non mattis pulvinar nulla pede,688,2024-02-29 01:12:04,true
221,857,story,vivamus tortor duis mattis egestas metus,817,2024-02-28 05:20:49,false
222,374,story,nunc nisl duis bibendum felis sed interdum venenatis turpis,361,2024-03-01 04:02:36,true
223,160,story,ante ipsum primis in faucibus,107,2024-02-29 09:11:10,true
224,700,message,ridiculus mus etiam vel,537,2024-02-29 06:33:29,false
225,31,message,nisl nunc nisl duis bibendum felis sed interdum venenatis turpis,878,2024-02-28 08:14:12,false
226,564,story,rhoncus mauris enim leo rhoncus sed vestibulum,64,2024-02-29 02:13:16,false
227,481,story,mattis nibh ligula nec,42,2024-02-29 21:10:04,false
228,558,story,sed justo pellentesque viverra,983,2024-02-29 04:38:23,false
229,857,story,sociis natoque penatibus et magnis dis parturient,384,2024-03-01 08:56:30,false
230,882,message,ligula pellentesque ultrices,113,2024-02-28 20:26:02,false
231,696,story,at feugiat non,246,2024-02-28 19:04:49,false
232,976,message,lorem id ligula suspendisse ornare consequat lectus in est,928,2024-03-01 06:48:24,false
233,938,message,lobortis convallis tortor risus,349,2024-02-29 00:59:30,true
234,903,story,odio donec,369,2024-02-28 04:30:19,true
235,849,message,vel enim sit amet nunc viverra dapibus nulla,898,2024-02-28 15:21:11,true
236,822,message,blandit lacinia erat vestibulum sed magna at nunc commodo placerat,1,2024-02-29 18:17:12,false
237,123,story,ligula,760,2024-03-01 21:19:30,true
238,396,story,sed vel enim sit amet nunc viverra,135,2024-02-28 07:05:17,false
239,545,story,pede venenatis non sodales sed tincidunt,348,2024-02-28 21:56:49,true
240,470,message,rhoncus aliquam lacus morbi quis tortor id nulla ultrices,858,2024-02-28 09:51:36,false
241,379,message,erat id mauris vulputate elementum nullam,359,2024-02-29 10:12:10,false
242,400,story,pharetra magna vestibulum aliquet ultrices erat tortor sollicitudin mi,497,2024-02-29 14:19:09,false
243,990,message,sed ante vivamus tortor duis,212,2024-02-28 06:05:19,true
244,717,message,erat fermentum justo nec condimentum,983,2024-02-28 11:11:33,true
245,642,message,suspendisse potenti nullam porttitor lacus at turpis donec,623,2024-03-01 00:27:08,true
246,855,message,ac consequat metus sapien ut nunc,50,2024-03-01 17:33:43,false
247,178,story,tincidunt eget tempus vel pede morbi porttitor lorem id ligula,705,2024-02-28 04:17:54,true
248,614,message,quis orci nullam molestie nibh,793,2024-02-28 01:16:47,false
249,188,story,maecenas leo odio condimentum id luctus nec,115,2024-02-28 21:21:05,false
250,650,story,bibendum imperdiet nullam orci pede venenatis non sodales sed tincidunt,413,2024-03-01 12:21:54,false
251,893,message,laoreet,956,2024-02-28 17:56:36,true
252,872,story,orci nullam,774,2024-03-01 10:13:35,false
253,815,story,nisl nunc nisl duis bibendum felis sed interdum,514,2024-03-01 06:22:39,false
254,881,story,curae nulla dapibus dolor vel est donec,173,2024-02-29 17:01:36,false
255,509,story,donec quis orci eget orci vehicula condimentum curabitur in libero,872,2024-02-29 05:16:46,false
256,113,message,enim leo rhoncus sed vestibulum sit amet cursus id,651,2024-02-28 00:48:15,false
257,923,story,amet lobortis sapien sapien non mi integer ac,185,2024-03-01 21:28:23,false
258,933,message,augue aliquam erat volutpat in congue etiam justo etiam pretium,784,2024-02-28 06:21:58,true
259,173,story,semper rutrum,501,2024-02-29 20:06:03,true
260,662,story,rhoncus aliquam lacus morbi quis,704,2024-02-28 12:50:49,true
261,941,message,id sapien in sapien iaculis congue vivamus,643,2024-02-28 15:51:14,true
262,407,message,accumsan tellus nisi eu orci mauris lacinia sapien,448,2024-02-28 16:06:02,true
263,989,story,sodales scelerisque mauris sit amet eros suspendisse accumsan tortor,186,2024-03-01 12:31:28,true
264,979,story,id massa id nisl venenatis,741,2024-02-29 07:26:22,false
265,583,message,ac tellus semper interdum,776,2024-02-28 11:18:50,false
266,684,story,interdum eu tincidunt in,523,2024-02-29 12:04:18,false
267,436,message,id nulla ultrices,517,2024-03-01 02:55:13,true
268,921,message,lectus pellentesque eget nunc donec quis orci eget,348,2024-02-29 10:32:33,false
269,950,story,eu nibh quisque id justo sit amet,789,2024-02-29 07:25:21,true
270,372,story,ipsum ac tellus semper,281,2024-02-29 01:02:52,false
271,879,message,molestie,302,2024-03-01 02:12:43,true
272,752,story,ut suscipit a feugiat et eros vestibulum ac est,738,2024-02-29 07:16:47,false
273,455,message,neque duis,628,2024-02-28 05:24:29,true
274,294,story,ut,125,2024-03-01 05:32:39,false
275,11,message,id massa id nisl venenatis lacinia aenean,93,2024-02-29 05:53:10,false
276,634,story,vivamus vel nulla eget,645,2024-02-28 22:32:29,true
277,989,story,turpis adipiscing lorem vitae mattis nibh ligula nec,85,2024-03-01 12:06:51,true
278,134,story,est et,266,2024-03-01 13:34:29,true
279,162,story,posuere cubilia curae,567,2024-03-01 17:23:23,false
280,713,story,massa,278,2024-02-28 10:47:20,true
281,755,story,congue etiam justo etiam pretium iaculis justo in hac habitasse,531,2024-02-28 17:13:12,false
282,351,story,congue eget,111,2024-02-28 17:11:40,false
283,162,message,nulla pede ullamcorper,248,2024-02-29 21:15:49,true
284,288,story,eleifend luctus ultricies eu nibh quisque id,626,2024-02-29 03:38:37,true
285,657,message,justo in blandit,239,2024-02-28 10:38:38,false
286,461,story,ut,579,2024-02-28 00:10:53,false
287,854,story,ac neque duis bibendum morbi non quam nec dui luctus,21,2024-03-01 23:19:09,true
288,51,message,aliquam sit amet diam in magna bibendum,477,2024-02-29 16:52:49,true
289,779,story,penatibus et magnis,495,2024-02-29 22:12:31,true
290,917,story,congue diam id ornare imperdiet sapien urna pretium nisl ut,287,2024-02-28 16:10:03,false
291,809,message,cum sociis,176,2024-03-01 16:15:20,true
292,81,story,duis faucibus accumsan odio curabitur convallis duis consequat,457,2024-03-01 09:44:32,true
293,440,message,eu mi nulla ac enim in,707,2024-02-28 06:22:09,true
294,629,story,molestie nibh in,681,2024-02-29 20:27:40,false
295,421,story,aenean auctor gravida sem,611,2024-02-29 09:56:16,true
296,176,message,ullamcorper augue a suscipit nulla elit ac nulla sed,512,2024-03-01 14:22:59,false
297,107,message,pretium quis lectus suspendisse potenti in,890,2024-02-29 14:29:57,false
298,893,message,donec semper,899,2024-02-28 18:58:06,false
299,927,story,sapien non mi integer ac neque,126,2024-02-29 01:02:12,false
300,807,message,erat vestibulum sed magna,318,2024-02-29 09:15:35,true
301,273,message,rutrum rutrum neque aenean auctor gravida sem praesent id,768,2024-02-29 17:57:34,false
302,53,story,nulla sed accumsan felis ut at dolor,383,2024-03-01 07:03:55,true
303,624,story,in purus,735,2024-02-28 00:58:36,true
304,267,story,lobortis ligula sit,274,2024-02-29 02:08:48,true
305,955,story,lacinia erat vestibulum,771,2024-02-29 03:28:21,false
306,143,story,nulla tellus in sagittis dui vel nisl duis,766,2024-03-01 22:47:39,true
307,398,story,quam turpis adipiscing lorem vitae,506,2024-03-01 00:19:42,false
308,738,story,tristique,786,2024-02-29 18:39:33,true
309,64,story,mauris ullamcorper purus sit amet nulla,214,2024-02-28 22:33:12,true
310,538,story,vestibulum quam sapien varius ut,600,2024-03-01 21:57:41,false
311,965,story,lectus pellentesque at nulla,221,2024-03-01 20:29:30,true
312,730,story,odio odio elementum eu interdum eu tincidunt in leo maecenas,194,2024-03-01 16:58:03,false
313,796,message,mauris morbi non lectus,601,2024-02-28 01:22:16,true
314,766,message,semper rutrum nulla nunc purus phasellus,529,2024-02-29 14:53:31,false
315,467,story,vestibulum ante ipsum primis in faucibus,919,2024-02-28 13:08:35,false
316,669,story,vestibulum,625,2024-02-29 01:06:06,false
317,149,message,convallis nulla neque libero convallis eget,649,2024-02-29 04:31:20,true
318,549,story,justo pellentesque viverra pede ac diam cras pellentesque volutpat dui,716,2024-02-29 10:19:08,false
319,231,story,praesent blandit nam nulla integer pede justo lacinia eget,60,2024-02-28 05:53:26,false
320,854,story,nam ultrices libero non mattis pulvinar nulla pede ullamcorper augue,18,2024-02-29 16:35:59,false
321,701,story,curabitur gravida nisi at nibh in hac habitasse platea,23,2024-02-28 22:15:26,false
322,876,message,ac consequat metus sapien ut nunc vestibulum ante ipsum primis,404,2024-02-29 13:14:42,false
323,832,story,sociis natoque penatibus et magnis,870,2024-02-29 08:27:05,false
324,199,story,primis in faucibus,708,2024-02-28 20:40:46,true
325,504,message,est congue elementum in hac habitasse platea dictumst,557,2024-02-28 16:34:02,false
326,864,message,vel sem sed sagittis nam congue,919,2024-02-28 03:28:55,false
327,565,message,euismod scelerisque quam turpis adipiscing lorem vitae,829,2024-02-28 10:56:20,true
328,132,story,urna,447,2024-03-01 03:39:58,false
329,172,story,at,415,2024-03-01 23:39:32,true
330,49,story,quam suspendisse potenti nullam porttitor lacus at,584,2024-02-28 15:06:23,false
331,182,message,eros suspendisse accumsan tortor,275,2024-02-28 09:31:59,true
332,158,message,molestie lorem quisque ut,109,2024-02-28 07:54:43,false
333,57,message,sed justo pellentesque,969,2024-02-29 16:48:06,false
334,945,story,quam,167,2024-03-01 01:44:15,false
335,214,message,venenatis tristique fusce congue diam id ornare imperdiet,611,2024-03-01 10:36:54,false
336,959,story,at nulla suspendisse potenti cras in purus eu magna vulputate,928,2024-03-01 07:54:18,false
337,1,story,donec odio justo,853,2024-02-29 01:35:42,false
338,651,message,sit amet consectetuer adipiscing elit proin risus praesent lectus,802,2024-03-01 04:02:39,true
339,451,message,vel dapibus at diam nam tristique,884,2024-02-29 23:44:16,true
340,998,message,nisi nam ultrices libero non mattis,767,2024-02-28 04:48:04,true
341,795,story,ipsum praesent blandit lacinia erat vestibulum sed magna at,810,2024-02-29 07:59:24,true
342,315,message,eu est congue elementum in hac habitasse,188,2024-03-01 18:31:39,false
343,959,message,mauris sit amet eros suspendisse accumsan tortor,728,2024-02-29 01:26:25,true
344,954,story,ultrices vel augue vestibulum ante ipsum,779,2024-02-28 01:43:28,true
345,99,message,porttitor lorem id ligula suspendisse ornare consequat,449,2024-03-01 13:45:15,false
346,629,story,faucibus orci luctus et ultrices posuere cubilia curae mauris viverra,862,2024-02-28 00:58:22,false
347,315,message,tincidunt eu felis fusce posuere felis sed lacus morbi,764,2024-02-29 10:46:02,false
348,384,message,sapien varius ut blandit,124,2024-03-01 21:31:42,true
349,432,message,bibendum morbi non,7,2024-02-28 23:39:59,true
350,130,story,proin eu mi nulla ac enim,359,2024-02-28 14:29:32,true
351,342,story,sapien ut nunc vestibulum ante ipsum primis in faucibus,236,2024-02-29 03:03:47,false
352,52,message,venenatis lacinia,284,2024-02-28 20:13:57,true
353,143,story,eget orci vehicula condimentum curabitur in libero ut massa volutpat,973,2024-02-28 01:28:40,false
354,814,message,faucibus cursus urna ut,166,2024-03-01 20:58:21,false
355,621,story,maecenas leo odio condimentum id,255,2024-03-01 02:33:01,false
356,594,message,interdum eu tincidunt in leo maecenas pulvinar lobortis est phasellus,291,2024-03-01 18:33:01,false
357,45,message,mauris vulputate elementum nullam varius nulla facilisi cras non,278,2024-02-29 10:46:43,false
358,961,story,lacinia,738,2024-02-29 22:24:25,false
359,706,story,ut suscipit a feugiat et eros vestibulum ac est,284,2024-03-01 07:00:53,false
360,190,story,iaculis justo in hac habitasse platea dictumst,155,2024-02-28 22:06:17,false
361,547,story,dis parturient,928,2024-02-28 13:15:01,true
362,788,message,vestibulum sagittis sapien cum sociis natoque penatibus et magnis,668,2024-03-01 02:54:12,false
363,895,message,quis justo maecenas rhoncus,736,2024-02-29 10:52:40,true
364,459,message,cras pellentesque volutpat dui maecenas tristique est et tempus semper,836,2024-03-01 00:41:29,false
365,194,message,nec nisi,50,2024-02-29 05:23:24,false
366,195,message,aliquam,298,2024-02-29 00:59:48,true
367,17,message,magnis dis,523,2024-03-01 04:08:00,true
368,472,message,blandit mi in,156,2024-02-28 04:39:03,true
369,63,story,eget rutrum at lorem integer tincidunt,219,2024-03-01 20:50:39,true
370,179,message,suscipit ligula in lacus curabitur,735,2024-02-29 01:11:00,false
371,297,story,consequat dui nec nisi volutpat,953,2024-03-01 01:57:17,true
372,969,message,justo lacinia eget tincidunt eget tempus vel pede morbi,522,2024-02-28 08:29:11,true
373,982,story,nascetur ridiculus mus,13,2024-02-29 22:22:23,true
374,15,message,ante vivamus tortor duis mattis egestas metus,974,2024-02-28 20:22:47,false
375,740,story,nulla nunc purus phasellus in felis donec,334,2024-03-01 09:00:01,false
376,618,story,mattis egestas,468,2024-02-29 07:24:11,false
377,231,message,cras non velit nec nisi,12,2024-03-01 16:09:41,false
378,933,story,erat fermentum justo,169,2024-03-01 14:06:37,false
379,910,message,dui vel nisl duis ac,198,2024-02-29 16:10:40,true
380,232,story,donec ut mauris eget massa tempor convallis nulla neque,218,2024-02-28 01:30:09,false
381,540,story,in sapien iaculis congue,421,2024-02-28 05:57:25,false
382,28,message,congue vivamus metus arcu,464,2024-02-29 20:22:06,false
383,894,story,posuere cubilia curae duis faucibus accumsan odio curabitur convallis,71,2024-02-29 04:18:37,false
384,581,story,nulla pede ullamcorper augue a,9,2024-03-01 10:51:59,false
385,130,story,blandit lacinia erat vestibulum sed magna at nunc commodo,529,2024-02-29 16:48:37,true
386,541,story,cubilia curae duis faucibus accumsan odio curabitur convallis duis consequat,632,2024-02-29 09:53:20,false
387,947,story,ac,181,2024-03-01 08:22:08,false
388,794,message,ut,852,2024-02-29 13:35:51,false
389,630,story,varius nulla facilisi cras non velit nec,656,2024-02-29 16:34:40,false
390,413,story,et tempus semper est quam pharetra magna ac consequat metus,2,2024-02-29 00:21:02,true
391,600,message,sapien varius ut blandit non interdum in ante,92,2024-02-28 11:03:26,true
392,204,story,nunc rhoncus dui vel sem sed sagittis nam congue risus,784,2024-02-29 03:11:36,false
393,891,story,sapien in sapien iaculis congue vivamus,813,2024-02-28 12:37:39,false
394,573,message,curae duis faucibus accumsan odio curabitur convallis duis,53,2024-03-01 18:00:06,true
395,652,story,dui nec nisi volutpat eleifend donec ut,158,2024-02-28 16:00:20,true
396,952,story,massa tempor,290,2024-03-01 18:26:13,false
397,883,story,convallis duis consequat dui nec nisi volutpat eleifend donec,505,2024-02-29 05:26:03,false
398,457,story,nec,324,2024-03-01 17:29:17,false
399,849,message,id nulla ultrices,103,2024-02-28 05:22:37,true
400,713,message,tempus sit amet sem fusce consequat nulla,718,2024-02-28 09:10:12,false
401,650,message,tincidunt in,737,2024-03-01 05:04:13,false
402,180,message,amet nunc viverra dapibus nulla,549,2024-03-01 22:39:21,true
403,901,message,vel augue vestibulum ante,824,2024-02-29 11:06:50,false
404,460,story,integer tincidunt ante vel ipsum praesent blandit lacinia erat vestibulum,601,2024-02-29 06:37:43,true
405,498,story,ante ipsum primis in faucibus orci luctus et ultrices posuere,375,2024-02-29 02:40:32,false
406,448,message,in est risus auctor sed,916,2024-02-29 07:23:28,true
407,347,story,suscipit,846,2024-02-28 05:51:52,false
408,18,message,pede justo eu massa donec dapibus duis at velit,326,2024-02-29 21:21:43,false
409,289,story,vel nulla eget eros elementum pellentesque quisque porta volutpat,999,2024-03-01 00:02:30,true
410,998,message,aliquam non mauris,874,2024-02-28 05:17:45,false
411,4,message,nulla integer pede justo lacinia eget tincidunt,918,2024-03-01 07:06:19,true
412,411,message,nisl venenatis lacinia aenean sit,593,2024-02-28 21:45:18,true
413,939,message,ullamcorper purus,268,2024-03-01 00:13:12,false
414,936,story,sapien quis libero nullam,389,2024-03-01 03:27:49,true
415,6,message,curabitur at ipsum,839,2024-02-29 16:13:42,false
416,46,message,sit amet turpis elementum ligula vehicula,788,2024-03-01 15:15:27,false
417,238,message,orci vehicula condimentum curabitur in libero,491,2024-02-28 17:20:24,false
418,111,story,at nulla suspendisse potenti cras in,75,2024-03-01 23:51:39,true
419,749,message,velit id pretium iaculis diam erat,887,2024-03-01 20:45:58,false
420,657,message,mus vivamus vestibulum sagittis sapien cum sociis natoque penatibus,666,2024-03-01 08:27:20,true
421,353,message,non quam nec dui luctus,67,2024-02-29 19:02:57,true
422,22,message,morbi non lectus aliquam sit amet diam in magna bibendum,113,2024-02-28 00:20:37,true
423,547,message,mauris eget massa tempor convallis,24,2024-02-29 17:56:10,true
424,731,story,convallis morbi odio odio elementum eu,401,2024-03-01 03:57:05,false
425,615,story,luctus cum,542,2024-03-01 17:07:47,false
426,969,message,rutrum ac lobortis,42,2024-02-29 01:51:50,false
427,321,message,turpis donec,962,2024-02-29 12:39:51,true
428,124,message,sapien cum sociis natoque penatibus,747,2024-02-29 06:34:37,false
429,151,message,vel nisl duis ac,126,2024-02-28 04:13:39,false
430,981,story,amet nunc viverra dapibus nulla suscipit,172,2024-02-28 05:24:37,false
431,954,story,maecenas tristique,179,2024-02-28 18:00:20,true
432,538,message,odio curabitur convallis duis consequat dui nec,522,2024-03-01 21:09:38,true
433,318,message,sit amet eleifend pede libero,289,2024-03-01 08:36:37,false
434,386,message,adipiscing molestie hendrerit at vulputate vitae,268,2024-02-29 10:38:41,true
435,901,message,id massa,19,2024-02-28 03:35:50,true
436,535,message,adipiscing elit proin interdum mauris non ligula pellentesque ultrices,673,2024-02-29 22:18:13,true
437,877,message,in felis eu sapien cursus,286,2024-02-29 12:33:27,false
438,381,message,cursus vestibulum proin eu mi nulla ac enim in,705,2024-02-28 05:04:14,true
439,893,story,luctus et,437,2024-02-28 04:08:48,true
440,16,story,massa tempor convallis nulla,134,2024-02-29 13:33:02,false
441,776,message,bibendum morbi non quam nec dui luctus rutrum nulla tellus,61,2024-02-28 03:55:43,true
442,687,message,turpis,872,2024-02-28 17:56:40,true
443,299,message,et ultrices,316,2024-02-29 16:06:34,true
444,162,message,integer a nibh in quis justo maecenas rhoncus,20,2024-02-28 06:05:04,false
445,957,story,rhoncus aliquet pulvinar sed nisl nunc rhoncus dui,418,2024-02-28 15:14:09,false
446,457,message,quam sapien varius ut blandit non interdum,321,2024-02-29 03:39:51,true
447,579,message,curae donec pharetra magna vestibulum aliquet ultrices erat tortor sollicitudin,654,2024-02-29 00:38:49,false
448,760,message,etiam vel augue vestibulum rutrum rutrum neque aenean auctor,764,2024-02-28 01:15:00,false
449,6,story,quisque erat eros viverra eget congue eget semper rutrum,233,2024-02-28 18:44:45,true
450,410,story,cubilia curae nulla dapibus,533,2024-02-29 15:15:07,false
451,296,story,felis sed lacus morbi sem mauris laoreet ut,11,2024-02-28 14:27:31,false
452,516,story,justo pellentesque viverra,858,2024-03-01 03:05:09,true
453,141,story,aliquet at,391,2024-02-29 05:14:37,true
454,550,story,nunc vestibulum ante ipsum primis,48,2024-02-28 01:25:31,false
455,174,message,integer aliquet massa id lobortis convallis tortor risus dapibus,208,2024-02-29 11:52:42,false
456,476,story,nec dui luctus rutrum nulla,228,2024-02-29 04:08:04,true
457,199,story,ut suscipit a feugiat,566,2024-03-01 20:14:49,false
458,220,story,nisi vulputate nonummy maecenas tincidunt lacus at velit vivamus,629,2024-02-28 18:47:33,false
459,919,message,morbi,568,2024-02-28 02:28:54,true
460,906,message,sit amet eleifend pede libero quis orci,616,2024-03-01 19:16:17,false
461,5,message,quam nec dui luctus,211,2024-02-28 18:15:59,true
462,234,story,vel pede morbi porttitor,356,2024-03-01 09:07:47,false
463,873,message,accumsan odio curabitur convallis duis,341,2024-02-29 04:54:00,false
464,790,message,donec vitae nisi,599,2024-02-28 08:19:36,false
465,555,story,nunc commodo placerat praesent blandit nam nulla integer pede,907,2024-02-28 09:44:38,false
466,200,message,vestibulum vestibulum ante,12,2024-02-28 19:17:40,true
467,635,story,nec molestie sed justo pellentesque viverra pede ac diam,731,2024-02-29 04:43:45,false
468,892,story,vel dapibus,951,2024-02-29 21:47:25,true
469,866,story,eu massa donec dapibus,875,2024-02-29 11:07:12,true
470,532,message,phasellus sit amet erat nulla,956,2024-02-29 08:37:20,false
471,768,story,sem duis aliquam convallis nunc proin,8,2024-02-29 08:30:22,false
472,586,message,integer non velit,889,2024-02-28 09:32:52,false
473,358,message,enim in tempor turpis nec,372,2024-02-29 19:53:02,true
474,489,message,morbi ut,848,2024-03-01 22:16:28,true
475,148,message,et eros vestibulum ac,388,2024-03-01 00:44:21,false
476,423,story,eget nunc,340,2024-03-01 12:33:38,false
477,509,story,risus dapibus augue vel,105,2024-03-01 21:15:07,false
478,890,story,ante vestibulum ante ipsum primis in faucibus orci luctus et,313,2024-02-28 07:00:24,false
479,892,story,ut odio cras mi pede malesuada in,575,2024-02-28 17:27:32,false
480,748,message,in faucibus orci luctus et ultrices posuere cubilia curae donec,473,2024-03-01 03:03:11,true
481,318,message,leo pellentesque ultrices,565,2024-02-29 12:26:38,false
482,77,message,eu est congue,921,2024-02-28 14:27:54,false
483,154,story,duis faucibus accumsan odio,867,2024-02-28 21:47:17,false
484,925,message,feugiat et eros,324,2024-02-28 19:16:09,false
485,704,story,faucibus orci luctus et ultrices posuere cubilia curae duis,834,2024-02-28 05:22:10,true
486,718,story,molestie lorem quisque ut erat curabitur gravida nisi at,728,2024-02-28 06:04:58,false
487,610,story,diam erat fermentum justo nec condimentum neque,386,2024-02-29 01:30:50,false
488,898,message,luctus,758,2024-02-28 19:59:17,false
489,18,story,nulla mollis molestie lorem quisque ut erat curabitur gravida,657,2024-03-01 21:10:21,false
490,740,message,nisl nunc,731,2024-03-01 13:12:04,false
491,106,message,lorem vitae mattis nibh,77,2024-02-28 05:25:47,true
492,473,message,nonummy integer,774,2024-02-29 17:16:43,false
493,749,message,pede ac diam cras pellentesque volutpat dui maecenas tristique,734,2024-02-29 08:50:01,true
494,623,message,eleifend donec ut dolor morbi vel lectus in,590,2024-02-29 02:51:39,true
495,834,message,quis orci nullam molestie nibh in lectus pellentesque at nulla,525,2024-02-29 12:22:32,true
496,447,message,rutrum at lorem,678,2024-02-29 04:31:08,false
497,207,message,ac lobortis vel,442,2024-02-29 20:27:46,false
498,551,story,nisi eu orci mauris lacinia sapien quis libero,616,2024-02-28 13:07:50,true
499,269,message,tristique in tempus sit amet sem fusce,421,2024-03-01 10:34:58,false
500,974,story,sed vel enim sit amet nunc viverra dapibus nulla,792,2024-02-28 07:13:28,false
501,199,message,ipsum primis in,991,2024-02-28 02:30:58,false
502,156,message,ut mauris eget massa tempor convallis nulla neque libero,412,2024-03-01 03:50:31,true
503,804,message,in felis eu sapien cursus,550,2024-02-28 13:21:21,false
504,104,message,iaculis justo in hac habitasse,547,2024-03-01 01:13:36,false
505,886,story,justo sollicitudin ut suscipit a feugiat et eros vestibulum,902,2024-03-01 00:33:22,true
506,852,story,aliquet ultrices erat tortor sollicitudin mi sit amet,312,2024-02-29 20:21:24,false
507,237,message,hac habitasse,493,2024-02-28 00:04:17,false
508,838,story,nulla tempus vivamus in,83,2024-02-29 04:30:57,true
509,427,story,proin interdum mauris non,299,2024-02-29 03:47:37,true
510,473,story,in quis justo maecenas rhoncus aliquam lacus morbi quis,945,2024-02-28 23:04:32,true
511,351,story,vitae mattis nibh ligula,979,2024-03-01 14:57:20,false
512,828,message,nascetur ridiculus mus etiam vel augue vestibulum rutrum rutrum,969,2024-03-01 19:31:42,false
513,951,message,arcu sed augue aliquam erat volutpat in congue etiam,276,2024-03-01 08:17:56,true
514,85,message,vestibulum ante ipsum primis in faucibus orci luctus et,129,2024-03-01 18:43:28,false
515,595,story,amet sapien dignissim vestibulum vestibulum,419,2024-03-01 06:41:38,true
516,899,story,sed ante vivamus tortor duis mattis egestas,336,2024-02-28 03:54:44,true
517,94,message,in,359,2024-03-01 22:01:16,true
518,49,story,elementum nullam,264,2024-03-01 12:12:43,false
519,290,story,integer,437,2024-03-01 09:54:47,false
520,84,story,interdum mauris non ligula pellentesque ultrices phasellus id sapien in,563,2024-03-01 05:50:19,false
521,486,story,vivamus tortor duis mattis egestas metus aenean fermentum donec,461,2024-03-01 11:32:05,false
522,79,story,nisi volutpat eleifend donec ut dolor morbi,784,2024-03-01 10:15:15,true
523,111,story,vitae nisl aenean,1000,2024-02-29 05:27:10,false
524,911,message,pretium iaculis justo in hac habitasse,519,2024-02-29 10:24:28,true
525,724,message,turpis integer aliquet massa,473,2024-02-28 09:14:27,true
526,613,message,vitae nisi nam,790,2024-02-29 03:30:37,false
527,112,story,a feugiat et eros vestibulum ac est lacinia nisi venenatis,113,2024-03-01 15:40:57,false
528,246,message,suspendisse potenti nullam porttitor lacus at turpis donec posuere metus,639,2024-03-01 12:53:36,true
529,929,story,accumsan odio curabitur,612,2024-02-29 00:09:19,true
530,111,story,nulla,255,2024-03-01 22:11:48,true
531,398,message,et magnis dis parturient montes,462,2024-02-29 13:55:40,true
532,625,message,at dolor quis odio consequat varius integer ac,747,2024-03-01 19:52:12,false
533,649,story,nisl venenatis lacinia aenean sit amet justo morbi ut odio,561,2024-02-28 19:39:39,true
534,682,message,dolor morbi vel lectus in quam fringilla rhoncus mauris,562,2024-03-01 23:16:10,true
535,925,story,dolor sit amet,302,2024-02-29 19:16:33,true
536,775,story,orci nullam molestie nibh in lectus,326,2024-03-01 06:58:18,true
537,853,message,sagittis dui vel nisl duis ac nibh fusce lacus,900,2024-02-28 05:31:00,true
538,806,message,a odio,226,2024-03-01 15:46:06,true
539,219,story,at,115,2024-02-29 15:45:57,true
540,1,message,luctus et ultrices posuere cubilia,824,2024-02-28 09:25:18,false
541,982,story,volutpat,205,2024-03-01 11:07:18,false
542,996,message,auctor gravida sem praesent id,180,2024-02-29 23:19:33,true
543,578,story,volutpat sapien arcu sed augue,308,2024-02-29 19:48:20,true
544,67,message,nunc nisl duis bibendum felis,525,2024-02-28 16:55:36,false
545,452,message,amet eros suspendisse accumsan tortor quis,206,2024-02-29 00:31:51,false
546,602,story,vel dapibus,67,2024-03-01 19:04:15,true
547,934,story,lectus aliquam sit amet diam in magna bibendum,41,2024-02-28 03:42:48,true
548,296,story,nec nisi vulputate nonummy maecenas tincidunt,847,2024-02-29 05:35:27,true
549,362,message,nam nulla integer pede justo lacinia eget,808,2024-02-29 04:05:17,false
550,149,story,amet nulla,398,2024-03-01 07:09:38,false
551,770,story,ante vestibulum ante ipsum primis,992,2024-02-29 06:52:08,true
552,478,story,a pede posuere nonummy integer,773,2024-03-01 01:19:21,false
553,276,story,quis tortor id nulla ultrices aliquet maecenas leo odio,470,2024-02-29 15:07:05,false
554,724,message,duis,714,2024-02-29 13:05:06,false
555,299,message,non mattis pulvinar nulla pede,478,2024-02-29 18:06:59,false
556,693,story,eleifend pede,323,2024-02-28 07:16:30,true
557,87,message,nibh ligula nec sem duis aliquam,924,2024-02-29 10:20:23,true
558,310,message,vel augue,103,2024-02-28 14:59:22,true
559,362,message,dolor quis odio consequat varius integer ac leo,454,2024-02-29 10:29:11,false
560,996,story,sapien,681,2024-02-28 00:04:03,false
561,143,message,commodo placerat praesent blandit nam nulla integer,437,2024-03-01 11:53:18,true
562,545,story,elementum,939,2024-02-29 08:08:17,true
563,527,story,in hac habitasse platea dictumst morbi vestibulum velit id pretium,287,2024-03-01 19:20:38,true
564,882,story,accumsan tellus nisi eu orci,493,2024-02-29 23:05:01,true
565,791,message,purus eu magna,471,2024-03-01 17:05:45,true
566,424,message,sociis natoque penatibus et magnis dis parturient montes nascetur ridiculus,427,2024-02-29 17:05:52,true
567,723,story,arcu adipiscing molestie hendrerit at,301,2024-02-29 06:55:38,true
568,943,story,sit amet nulla quisque arcu libero,882,2024-02-28 07:36:00,false
569,973,story,et ultrices posuere cubilia curae duis faucibus accumsan odio curabitur,908,2024-02-29 17:09:16,true
570,584,message,aenean lectus pellentesque eget,891,2024-02-29 14:30:04,false
571,805,story,accumsan tellus nisi eu orci mauris,782,2024-02-29 10:43:16,true
572,761,message,eget orci vehicula condimentum curabitur in,589,2024-02-29 06:44:06,true
573,159,message,ante vel ipsum praesent blandit lacinia,520,2024-03-01 05:23:16,false
574,901,story,metus aenean fermentum donec ut mauris eget,118,2024-02-28 13:09:13,true
575,712,story,diam in magna,309,2024-03-01 21:28:53,true
576,571,story,pellentesque at nulla,134,2024-02-28 14:54:22,false
577,97,message,aliquam non mauris morbi,725,2024-02-29 18:30:47,false
578,665,story,congue risus semper,537,2024-02-29 08:52:01,false
579,340,message,nisi vulputate,269,2024-02-28 01:45:44,true
580,382,message,fermentum donec ut mauris eget,540,2024-03-01 23:21:21,true
581,346,message,odio consequat varius integer,425,2024-02-28 00:41:37,false
582,75,story,hac,476,2024-03-01 15:51:20,true
583,610,message,rhoncus dui vel sem,524,2024-03-01 15:14:09,false
584,771,story,in,500,2024-02-29 13:26:11,false
585,130,message,erat tortor sollicitudin,749,2024-02-29 01:09:37,true
586,329,story,duis mattis egestas metus aenean,337,2024-02-29 04:19:47,true
587,459,message,pede venenatis non sodales sed tincidunt eu felis fusce posuere,985,2024-02-28 22:49:50,false
588,325,message,in imperdiet et commodo vulputate justo,391,2024-02-29 13:29:02,true
589,946,message,rutrum nulla,944,2024-02-28 22:38:31,false
590,303,message,nulla ut erat id mauris vulputate,619,2024-02-29 14:23:29,true
591,64,story,in leo maecenas pulvinar lobortis est phasellus sit,558,2024-02-28 19:23:20,true
592,794,message,donec odio justo sollicitudin ut suscipit a feugiat,228,2024-02-28 18:51:05,true
593,789,story,quis augue luctus tincidunt,91,2024-02-28 11:31:04,false
594,288,story,et ultrices posuere cubilia curae duis faucibus accumsan,507,2024-02-29 10:20:48,true
595,490,story,cursus id turpis integer aliquet,102,2024-03-01 17:05:04,false
596,882,story,sem sed sagittis nam congue risus,412,2024-02-28 20:26:53,false
597,338,story,nulla ultrices aliquet maecenas leo odio condimentum,652,2024-02-29 09:13:01,true
598,560,story,vel enim sit amet nunc viverra dapibus,549,2024-03-01 17:47:41,true
599,817,story,aliquam non mauris morbi non lectus aliquam sit,142,2024-03-01 15:31:08,true
600,177,story,quisque erat eros viverra eget congue eget semper rutrum,363,2024-02-29 04:00:10,false
601,400,message,mauris ullamcorper purus sit amet nulla quisque arcu,849,2024-02-29 02:28:47,false
602,653,message,in sapien iaculis congue,130,2024-03-01 01:44:36,true
603,25,story,nullam varius nulla facilisi cras,968,2024-02-28 20:58:11,true
604,203,message,eu tincidunt in,627,2024-02-29 07:16:57,false
605,728,message,tellus semper interdum mauris ullamcorper purus sit,168,2024-02-28 05:12:08,true
606,230,message,nullam orci pede venenatis,479,2024-03-01 14:26:59,true
607,428,message,eu felis fusce posuere felis sed lacus morbi,560,2024-03-01 05:26:53,false
608,588,message,tellus in sagittis dui,797,2024-03-01 10:38:16,true
609,681,story,convallis duis consequat,350,2024-02-29 15:37:07,true
610,112,story,praesent id massa id nisl venenatis,573,2024-02-28 19:41:59,true
611,204,story,erat eros viverra eget congue eget semper rutrum nulla,194,2024-02-29 03:30:44,true
612,815,story,gravida nisi at nibh in hac,25,2024-03-01 18:43:08,false
613,553,story,sed,221,2024-02-29 10:58:39,true
614,277,message,sagittis sapien cum sociis,589,2024-02-28 17:11:09,true
615,338,message,dui vel sem sed sagittis,210,2024-02-29 02:04:39,false
616,504,message,volutpat sapien arcu sed,830,2024-02-29 12:29:09,true
617,53,message,sit amet sapien,964,2024-02-28 13:32:10,false
618,472,message,dignissim vestibulum vestibulum ante ipsum primis in faucibus orci luctus,612,2024-02-29 15:50:51,false
619,72,story,quisque id justo sit amet sapien dignissim vestibulum vestibulum ante,393,2024-02-28 07:59:21,true
620,641,message,sit amet lobortis sapien sapien non mi integer,785,2024-02-29 19:07:33,false
621,729,message,consequat,335,2024-03-01 00:14:42,true
622,457,message,eu est congue elementum in hac habitasse platea dictumst,338,2024-02-28 22:05:11,false
623,613,message,aliquet massa id lobortis,523,2024-02-28 07:58:39,false
624,996,story,sapien urna pretium nisl ut,511,2024-02-29 06:03:18,true
625,71,story,sapien sapien non mi integer ac neque duis,831,2024-02-29 07:27:14,true
626,831,story,in libero ut,588,2024-03-01 15:21:16,true
627,451,message,congue elementum in hac habitasse,913,2024-02-28 19:30:12,true
628,460,message,dolor sit amet consectetuer adipiscing elit proin,679,2024-02-29 10:55:39,false
629,398,message,nascetur ridiculus mus etiam,206,2024-03-01 01:28:25,false
630,82,story,justo eu,377,2024-02-29 00:43:33,true
631,561,message,nulla dapibus dolor vel est donec odio justo sollicitudin ut,612,2024-03-01 21:15:59,true
632,501,message,ultrices enim lorem ipsum dolor sit,869,2024-02-29 02:00:46,false
633,622,story,vel est donec odio justo,262,2024-02-28 15:24:58,true
634,358,message,mus vivamus vestibulum sagittis sapien cum sociis natoque penatibus,885,2024-02-28 00:25:42,false
635,762,message,justo etiam pretium iaculis justo in hac habitasse platea,295,2024-03-01 16:57:01,false
636,35,message,luctus ultricies eu nibh quisque id justo sit amet sapien,131,2024-02-28 18:15:08,true
637,594,story,ut mauris eget massa tempor convallis nulla,874,2024-03-01 16:22:55,false
638,655,story,vitae nisl aenean,925,2024-02-28 13:17:25,false
639,916,message,orci luctus et ultrices,302,2024-03-01 21:23:37,false
640,461,message,cras non velit nec,848,2024-02-28 11:32:25,false
641,632,message,nisl duis bibendum felis sed interdum venenatis turpis enim,192,2024-02-28 03:26:36,false
642,850,message,ligula sit amet,508,2024-02-28 11:42:20,false
643,637,message,odio cras mi,778,2024-02-28 04:51:26,true
644,593,message,pretium iaculis justo in,54,2024-02-28 19:13:21,true
645,695,message,euismod,120,2024-02-29 02:53:04,false
646,831,story,vestibulum,937,2024-03-01 18:20:40,false
647,162,message,potenti cras in purus eu magna vulputate luctus cum sociis,145,2024-02-29 17:52:07,false
648,945,story,mattis nibh ligula nec sem,387,2024-02-29 21:41:15,true
649,757,message,nec dui luctus,817,2024-02-29 00:35:33,false
650,329,story,sapien urna pretium nisl,749,2024-02-28 10:35:56,false
651,616,message,vestibulum velit,641,2024-03-01 01:05:11,true
652,586,story,nunc viverra,610,2024-02-28 12:04:35,true
653,39,message,morbi non lectus aliquam sit amet diam in,406,2024-03-01 04:06:28,true
654,646,message,eget orci vehicula condimentum curabitur,140,2024-03-01 18:16:28,true
655,750,story,at dolor quis odio consequat varius integer ac leo,440,2024-03-01 10:21:50,true
656,979,story,magna ac consequat,150,2024-03-01 00:23:25,true
657,239,story,odio in,643,2024-03-01 15:43:42,true
658,206,story,tincidunt eu felis fusce posuere,711,2024-02-28 06:48:10,true
659,21,message,blandit lacinia erat vestibulum,750,2024-02-28 16:53:07,true
660,211,story,lacinia aenean sit amet justo morbi ut odio cras,574,2024-03-01 19:11:33,true
661,787,message,nulla tempus vivamus,391,2024-02-29 11:25:25,true
662,310,story,velit donec diam neque vestibulum eget vulputate,659,2024-02-29 02:21:17,true
663,302,message,sapien varius ut blandit non interdum in ante,400,2024-02-28 18:05:38,false
664,393,message,nonummy maecenas tincidunt lacus at velit vivamus vel nulla,662,2024-02-28 08:50:08,true
665,750,message,scelerisque mauris sit,725,2024-02-29 05:23:31,true
666,496,message,tellus nisi eu,389,2024-03-01 13:39:30,false
667,390,story,volutpat quam,631,2024-02-29 16:26:08,true
668,625,message,ultrices mattis odio,171,2024-02-29 13:35:18,false
669,848,message,ut,173,2024-02-28 06:03:35,true
670,226,message,velit vivamus vel nulla eget eros elementum pellentesque,203,2024-02-28 07:56:04,false
671,389,message,posuere cubilia,156,2024-02-29 09:55:52,false
672,738,story,consectetuer adipiscing elit,174,2024-03-01 15:39:54,true
673,779,story,mauris viverra,392,2024-02-28 12:11:53,true
674,995,story,rhoncus sed vestibulum sit amet cursus id turpis integer aliquet,974,2024-03-01 19:42:29,false
675,424,message,id ornare imperdiet sapien urna pretium,333,2024-02-28 19:50:11,false
676,569,message,aliquam convallis nunc proin at turpis,951,2024-02-28 21:19:38,false
677,639,message,porttitor pede justo eu massa donec dapibus duis,903,2024-02-29 10:06:46,false
678,848,message,diam vitae quam suspendisse,291,2024-02-29 15:48:25,true
679,699,story,nonummy integer non,695,2024-02-29 21:49:57,true
680,498,message,pede malesuada in imperdiet et commodo vulputate justo,474,2024-02-28 00:25:17,true
681,37,message,in libero ut massa volutpat convallis morbi odio odio elementum,437,2024-03-01 16:55:03,false
682,730,story,nullam orci,88,2024-02-28 06:41:58,true
683,763,story,lacus at turpis donec,972,2024-02-29 19:32:29,true
684,499,story,a ipsum integer a nibh in quis justo maecenas rhoncus,872,2024-02-29 21:26:54,false
685,318,story,donec,541,2024-02-28 02:56:57,true
686,833,story,auctor gravida sem praesent id massa id nisl venenatis,753,2024-02-29 20:50:30,true
687,904,story,faucibus accumsan odio curabitur convallis duis consequat dui,234,2024-02-28 11:05:59,true
688,41,story,dapibus nulla suscipit ligula in lacus curabitur,589,2024-02-28 22:03:23,false
689,167,story,vestibulum,13,2024-03-01 09:40:17,true
690,188,message,penatibus et,308,2024-03-01 10:13:43,true
691,653,message,sed interdum venenatis turpis enim blandit mi in porttitor pede,680,2024-02-29 14:26:09,true
692,928,message,massa id lobortis convallis tortor risus dapibus,39,2024-02-28 14:12:05,false
693,992,message,nonummy maecenas tincidunt lacus at,699,2024-02-28 14:18:28,true
694,623,story,pellentesque viverra pede ac diam cras pellentesque volutpat dui maecenas,53,2024-02-28 02:23:42,true
695,372,message,imperdiet sapien urna pretium,382,2024-03-01 16:42:55,false
696,302,story,amet eros suspendisse accumsan tortor quis turpis sed ante vivamus,748,2024-03-01 18:42:23,false
697,482,message,justo sollicitudin ut suscipit,134,2024-02-29 15:53:30,true
698,864,message,nisl duis ac nibh fusce lacus purus aliquet at feugiat,250,2024-03-01 08:32:16,true
699,393,story,nulla,888,2024-02-28 17:23:18,false
700,247,story,rutrum ac lobortis vel dapibus at diam nam tristique tortor,880,2024-02-28 20:12:48,false
701,351,message,orci luctus et ultrices,818,2024-02-28 09:51:44,true
702,946,story,a pede,645,2024-02-29 01:23:59,true
703,785,message,porttitor pede justo eu massa donec dapibus,384,2024-02-29 20:06:06,true
704,50,message,dui maecenas,462,2024-03-01 21:13:54,false
705,874,message,pede ullamcorper augue,46,2024-02-29 05:28:39,true
706,173,message,ornare imperdiet,908,2024-03-01 21:43:43,true
707,334,story,velit id pretium iaculis diam erat fermentum justo,426,2024-02-28 05:23:20,true
708,497,story,etiam faucibus cursus urna ut tellus nulla ut erat id,738,2024-02-28 15:51:49,true
709,264,message,ultrices,871,2024-03-01 03:44:52,false
710,795,message,etiam justo etiam pretium iaculis justo,382,2024-03-01 04:25:54,false
711,519,story,pretium iaculis diam erat fermentum justo nec,851,2024-02-29 12:46:33,true
712,317,message,aliquam sit,994,2024-02-29 02:25:46,true
713,76,message,donec pharetra magna vestibulum aliquet ultrices erat tortor sollicitudin mi,350,2024-02-28 02:45:53,true
714,946,message,curae mauris viverra diam vitae quam suspendisse potenti,415,2024-02-29 02:02:04,true
715,354,message,lorem vitae mattis nibh ligula,515,2024-02-29 00:20:26,true
716,715,message,sapien arcu sed,516,2024-02-28 16:24:47,false
717,206,message,tellus nisi,705,2024-02-28 20:19:06,true
718,342,story,sit amet cursus id turpis integer,664,2024-03-01 22:00:47,false
719,461,story,nulla tempus vivamus in felis eu sapien,236,2024-02-29 00:27:15,true
720,532,message,rhoncus sed vestibulum,99,2024-02-28 19:51:07,false
721,789,story,et ultrices posuere cubilia curae mauris viverra,674,2024-02-29 23:53:12,false
722,283,story,amet eleifend pede libero,162,2024-02-28 09:56:24,true
723,556,message,pellentesque quisque porta volutpat erat quisque,622,2024-02-29 05:33:07,false
724,223,story,luctus nec molestie sed justo pellentesque viverra pede ac,821,2024-02-29 23:46:24,false
725,496,message,sapien,252,2024-02-28 12:56:08,false
726,858,message,consectetuer,618,2024-02-29 00:43:28,true
727,637,message,hac habitasse,554,2024-02-29 19:23:25,true
728,405,message,rhoncus sed vestibulum sit amet,165,2024-02-29 23:28:41,false
729,82,story,fusce congue diam id ornare imperdiet,186,2024-02-29 08:02:54,false
730,767,story,sit amet sapien dignissim vestibulum,990,2024-02-29 06:01:17,true
731,849,message,ante nulla justo aliquam quis turpis eget elit,282,2024-02-28 01:20:33,false
732,826,message,laoreet,953,2024-03-01 14:57:51,true
733,277,message,maecenas rhoncus aliquam lacus morbi quis tortor,500,2024-02-29 02:19:52,true
734,99,story,eu orci mauris lacinia sapien quis,595,2024-02-28 10:47:22,true
735,109,story,volutpat dui maecenas tristique,616,2024-03-01 15:55:50,false
736,440,story,vivamus tortor,739,2024-02-29 18:50:26,true
737,681,message,nunc donec quis orci,490,2024-02-28 13:22:08,false
738,88,message,et ultrices posuere cubilia curae,763,2024-02-28 12:42:28,false
739,743,message,sed lacus morbi sem,803,2024-03-01 14:59:35,false
740,220,story,quis,295,2024-03-01 17:38:15,true
741,835,message,nulla tellus in sagittis dui vel nisl duis ac nibh,96,2024-02-29 11:34:22,false
742,263,message,interdum mauris ullamcorper,743,2024-03-01 01:57:20,true
743,117,story,blandit lacinia erat vestibulum sed,466,2024-02-29 04:55:00,true
744,108,story,justo lacinia eget tincidunt eget tempus vel pede,908,2024-03-01 04:55:35,false
745,733,story,vivamus vestibulum,856,2024-03-01 00:45:52,true
746,682,message,consequat ut,843,2024-02-28 23:25:32,false
747,989,story,tortor,928,2024-02-29 14:54:17,true
748,699,message,sed,71,2024-03-01 17:15:46,true
749,342,story,mauris lacinia sapien quis libero,942,2024-02-29 05:39:51,false
750,311,message,metus vitae ipsum aliquam non mauris,739,2024-02-28 01:26:16,true
751,990,story,nullam varius nulla facilisi cras non velit nec,203,2024-03-01 17:25:39,false
752,464,message,rutrum ac lobortis vel dapibus at,494,2024-02-28 01:26:28,true
753,873,story,duis bibendum morbi non,794,2024-02-28 17:35:52,false
754,62,message,nibh quisque,33,2024-02-29 18:30:10,true
755,544,message,mattis nibh ligula,592,2024-02-29 23:05:48,false
756,104,story,odio justo sollicitudin ut suscipit,1,2024-02-28 16:20:26,false
757,140,message,suspendisse potenti in eleifend quam a odio in hac,213,2024-02-28 12:14:07,true
758,722,story,sem praesent id massa id nisl venenatis lacinia,304,2024-02-29 15:35:07,false
759,572,message,ipsum primis in,161,2024-02-28 23:18:00,true
760,899,story,congue,97,2024-02-28 11:07:02,true
761,288,story,fusce consequat nulla,322,2024-02-29 18:17:09,true
762,258,message,quam turpis adipiscing lorem vitae mattis,971,2024-02-28 05:14:41,true
763,57,story,neque duis bibendum morbi non quam nec dui luctus rutrum,574,2024-02-28 11:31:52,true
764,13,story,congue risus semper porta volutpat quam pede,613,2024-02-29 07:54:15,true
765,44,message,sed ante vivamus tortor duis mattis,47,2024-03-01 14:06:11,true
766,12,story,et magnis dis parturient,973,2024-02-28 13:42:51,true
767,717,story,volutpat in congue etiam justo etiam pretium iaculis,77,2024-02-28 12:24:09,false
768,573,story,mauris eget massa tempor convallis,605,2024-02-28 16:35:57,false
769,798,message,sapien placerat ante nulla justo aliquam quis turpis,638,2024-02-28 14:15:33,true
770,403,message,eleifend quam a odio in hac,330,2024-02-29 19:40:25,false
771,330,message,sapien ut,202,2024-02-28 10:57:25,false
772,202,message,etiam vel augue vestibulum rutrum rutrum neque,392,2024-02-28 08:29:10,true
773,479,story,ut erat curabitur gravida nisi at nibh in hac habitasse,853,2024-02-29 13:16:46,true
774,916,message,tincidunt,67,2024-03-01 03:59:53,true
775,466,message,diam cras pellentesque volutpat dui maecenas tristique est,215,2024-03-01 15:20:32,false
776,450,story,ut massa quis augue luctus tincidunt nulla mollis molestie,888,2024-02-28 06:37:44,false
777,586,message,nullam orci,486,2024-03-01 02:33:04,true
778,160,story,aliquet ultrices erat,249,2024-02-28 07:25:06,false
779,398,story,amet erat nulla tempus vivamus in felis,807,2024-03-01 09:49:10,false
780,985,message,vestibulum ante ipsum primis in,63,2024-03-01 13:26:58,true
781,126,message,nam congue risus semper porta volutpat,181,2024-02-29 22:24:43,false
782,832,message,eget tempus vel pede morbi,301,2024-02-28 22:32:55,false
783,313,story,mauris ullamcorper purus sit amet nulla quisque arcu,1000,2024-02-29 11:48:57,true
784,385,message,sit amet sem,169,2024-02-29 12:35:27,true
785,87,story,auctor gravida,232,2024-02-28 12:56:31,false
786,785,message,urna ut,732,2024-02-29 20:50:03,false
787,723,story,sit amet,221,2024-02-29 04:37:43,false
788,196,story,suscipit ligula,678,2024-02-28 22:19:40,false
789,580,message,at nunc commodo placerat praesent blandit,342,2024-02-28 18:31:40,true
790,251,message,felis sed lacus morbi sem,372,2024-03-01 13:29:35,false
791,678,story,nec euismod scelerisque quam,663,2024-02-29 14:55:09,false
792,28,story,sem sed sagittis nam,503,2024-03-01 16:08:34,false
793,361,story,pretium iaculis diam erat fermentum justo nec condimentum,409,2024-02-29 09:18:27,false
794,210,message,at,495,2024-02-28 19:48:46,false
795,129,story,mauris lacinia sapien quis libero nullam sit,750,2024-02-28 01:43:38,false
796,490,story,accumsan tortor quis turpis sed ante vivamus tortor,607,2024-03-01 04:28:30,false
797,184,story,nec nisi volutpat eleifend donec,661,2024-03-01 23:42:10,false
798,281,story,congue elementum in hac habitasse platea dictumst,479,2024-03-01 11:00:48,true
799,29,message,amet eleifend pede libero quis orci nullam molestie nibh,565,2024-02-28 03:46:38,true
800,926,story,in est risus auctor sed tristique in tempus sit amet,581,2024-02-29 11:12:20,false
801,391,story,nec dui,899,2024-02-28 01:03:13,true
802,657,message,donec ut mauris eget massa tempor convallis,878,2024-02-29 12:25:55,true
803,983,story,sapien a libero nam dui,564,2024-02-29 03:23:54,true
804,608,story,nisi eu,977,2024-02-28 07:05:31,false
805,475,message,ultricies eu nibh quisque id,152,2024-02-28 14:36:13,true
806,714,message,dui vel nisl duis ac,162,2024-03-01 02:44:33,false
807,357,message,nam tristique tortor eu,126,2024-02-28 03:36:21,true
808,742,message,parturient montes nascetur ridiculus mus etiam vel augue vestibulum rutrum,861,2024-02-29 13:45:47,true
809,773,story,justo sit amet,503,2024-03-01 02:34:44,false
810,613,story,sit amet sem,626,2024-02-28 06:46:44,true
811,487,story,ut nunc vestibulum ante ipsum primis in,616,2024-02-28 17:40:26,false
812,475,story,rutrum rutrum neque,515,2024-02-29 03:40:26,false
813,234,message,vestibulum,982,2024-03-01 06:44:53,true
814,670,story,imperdiet nullam orci,240,2024-03-01 15:28:40,true
815,444,story,tortor duis mattis egestas metus aenean fermentum donec ut,234,2024-02-29 19:34:14,true
816,775,message,potenti,491,2024-03-01 04:07:53,true
817,358,message,sapien,870,2024-02-28 02:13:13,true
818,485,message,orci luctus et ultrices posuere cubilia,821,2024-02-28 09:05:59,false
819,318,story,vulputate elementum nullam varius nulla facilisi cras non velit,266,2024-03-01 17:34:23,true
820,430,message,quisque arcu libero rutrum,548,2024-03-01 22:03:33,false
821,388,message,lorem id ligula,309,2024-02-28 08:37:43,true
822,451,story,pede malesuada in imperdiet et commodo,645,2024-02-28 08:03:28,false
823,439,message,vestibulum eget,634,2024-02-28 19:19:48,true
824,985,story,dis parturient montes nascetur ridiculus mus vivamus vestibulum,667,2024-02-28 13:07:28,true
825,677,story,faucibus,157,2024-02-28 07:22:59,false
826,269,story,integer ac leo pellentesque ultrices mattis odio donec vitae nisi,825,2024-02-28 11:20:53,true
827,983,message,vulputate ut,666,2024-03-01 18:41:50,false
828,460,story,donec diam neque vestibulum eget,365,2024-02-29 22:53:06,false
829,967,story,suspendisse potenti cras in,870,2024-02-29 05:26:10,true
830,613,message,habitasse platea dictumst etiam faucibus cursus urna ut tellus,849,2024-02-28 04:31:32,false
831,3,message,enim lorem ipsum dolor sit amet consectetuer adipiscing,224,2024-03-01 20:34:07,false
832,935,message,odio curabitur,33,2024-03-01 07:56:24,true
833,646,message,montes nascetur,927,2024-02-29 12:45:33,false
834,506,message,orci mauris lacinia sapien quis libero nullam sit,788,2024-02-29 14:12:33,false
835,596,story,egestas metus aenean fermentum donec ut mauris eget massa,190,2024-02-29 17:08:41,true
836,29,message,donec vitae nisi nam ultrices libero non mattis pulvinar nulla,321,2024-02-29 06:54:00,true
837,383,story,adipiscing elit proin interdum mauris,149,2024-02-29 16:25:55,false
838,907,message,parturient montes,969,2024-02-28 21:25:54,true
839,917,story,at dolor quis odio consequat varius integer ac leo,573,2024-02-28 03:51:05,true
840,803,story,metus vitae,48,2024-02-29 14:34:23,false
841,159,message,justo eu massa donec dapibus,982,2024-02-28 13:23:28,true
842,11,message,faucibus orci luctus et ultrices posuere,755,2024-02-29 01:20:21,false
843,198,story,porta,161,2024-02-29 17:20:16,true
844,46,story,sed interdum,768,2024-02-28 06:12:17,false
845,827,story,mauris enim leo,993,2024-02-28 18:20:59,false
846,137,message,justo,721,2024-02-28 16:46:04,true
847,868,message,sagittis sapien cum sociis,614,2024-03-01 09:33:44,true
848,474,story,enim blandit,316,2024-02-28 19:58:31,false
849,125,story,justo in,428,2024-03-01 06:08:30,true
850,878,message,orci nullam molestie nibh in lectus pellentesque at nulla,560,2024-02-29 21:30:45,true
851,204,story,lacinia aenean sit amet justo morbi ut odio cras,157,2024-02-28 08:08:32,false
852,812,story,mattis nibh ligula nec sem duis aliquam,13,2024-02-28 06:43:16,true
853,857,message,sed vel enim sit amet nunc viverra dapibus nulla,133,2024-02-29 12:23:52,false
854,282,message,mauris morbi,90,2024-02-29 04:27:07,false
855,812,story,phasellus,77,2024-02-29 21:46:23,false
856,944,message,turpis,908,2024-02-29 22:16:38,false
857,634,message,lacus morbi quis tortor id nulla,601,2024-02-29 02:25:19,false
858,222,message,ac diam cras pellentesque volutpat dui maecenas tristique est,630,2024-03-01 02:38:08,false
859,274,story,tempus,488,2024-02-28 20:31:10,false
860,585,message,cras non velit nec nisi vulputate,391,2024-02-28 14:55:59,true
861,707,message,quisque ut erat curabitur gravida,865,2024-02-29 16:57:19,true
862,47,story,dolor sit amet consectetuer adipiscing elit proin interdum mauris,670,2024-03-01 01:28:55,false
863,115,story,lorem ipsum dolor sit amet consectetuer,263,2024-03-01 16:13:13,true
864,613,message,vulputate nonummy maecenas tincidunt lacus at velit vivamus vel nulla,746,2024-02-29 21:46:16,false
865,730,story,eu,35,2024-02-29 05:50:37,true
866,903,story,ipsum ac tellus semper interdum,583,2024-02-29 18:14:16,false
867,442,story,ante vivamus tortor duis mattis egestas metus aenean,938,2024-03-01 12:57:55,false
868,914,story,et commodo vulputate justo,385,2024-03-01 05:09:16,false
869,534,story,malesuada in imperdiet,815,2024-02-28 08:55:16,false
870,675,message,ac leo pellentesque ultrices mattis odio donec vitae,653,2024-02-29 17:52:43,true
871,738,story,tristique,839,2024-03-01 04:30:25,true
872,762,story,nunc,797,2024-03-01 00:05:12,true
873,751,message,lorem id ligula suspendisse ornare consequat lectus in est risus,975,2024-03-01 04:01:54,false
874,639,story,sit amet,188,2024-02-28 09:51:46,true
875,935,message,scelerisque mauris sit amet eros suspendisse accumsan tortor quis turpis,366,2024-02-29 09:49:25,true
876,958,story,quisque porta volutpat erat quisque erat,854,2024-02-28 06:50:19,false
877,182,story,eleifend quam a odio in hac habitasse platea dictumst,62,2024-02-28 05:03:14,true
878,939,story,nec dui luctus rutrum nulla tellus in,141,2024-03-01 01:44:06,false
879,803,message,odio,782,2024-02-28 00:52:14,false
880,795,story,rhoncus aliquam lacus morbi,947,2024-03-01 05:25:17,true
881,712,story,vulputate justo in blandit ultrices,770,2024-02-29 09:17:18,true
882,631,message,curabitur convallis duis consequat,381,2024-02-28 13:30:10,true
883,350,story,ac est lacinia,584,2024-03-01 23:48:52,false
884,579,message,fringilla rhoncus mauris enim leo,889,2024-02-29 02:13:35,false
885,591,story,diam vitae quam suspendisse potenti nullam porttitor,302,2024-03-01 05:31:31,false
886,963,message,dui,498,2024-02-29 04:23:13,true
887,54,message,suscipit a feugiat et eros,623,2024-03-01 06:23:07,true
888,207,story,nulla neque libero convallis eget eleifend luctus ultricies eu,110,2024-02-28 03:29:35,true
889,800,story,ligula nec,405,2024-02-28 17:29:25,true
890,800,message,ipsum primis,294,2024-03-01 05:58:12,false
891,543,message,vel sem sed sagittis nam congue risus semper porta volutpat,664,2024-02-28 04:30:35,true
892,938,message,eleifend luctus ultricies,171,2024-03-01 01:29:49,false
893,500,message,sapien varius ut blandit non interdum,82,2024-02-28 11:52:16,true
894,220,message,tristique in tempus sit amet sem fusce consequat nulla nisl,349,2024-03-01 08:12:02,false
895,800,message,vulputate luctus cum sociis,589,2024-03-01 00:28:22,true
896,477,story,amet lobortis sapien sapien non mi integer ac neque duis,848,2024-02-28 02:29:59,true
897,618,message,magna ac consequat metus,638,2024-03-01 01:30:55,true
898,907,story,justo,43,2024-02-29 00:39:26,true
899,873,message,mattis pulvinar nulla pede ullamcorper augue a suscipit nulla elit,260,2024-02-29 16:37:26,true
900,682,message,quam sollicitudin,38,2024-03-01 19:55:03,true
901,888,story,varius integer ac leo pellentesque,462,2024-02-29 12:52:11,false
902,68,story,nulla suscipit ligula in lacus curabitur at ipsum,951,2024-02-28 23:38:59,false
903,13,story,vel augue vestibulum ante ipsum,246,2024-03-01 18:55:37,false
904,557,story,cum sociis natoque penatibus et,732,2024-03-01 19:47:13,true
905,566,story,orci nullam molestie nibh in lectus,565,2024-02-29 21:35:48,false
906,405,story,consequat nulla,923,2024-02-29 13:21:17,false
907,752,story,diam,596,2024-02-29 03:04:04,false
908,908,story,facilisi cras non velit,724,2024-02-29 23:12:37,true
909,429,message,luctus rutrum,651,2024-02-28 00:03:00,true
910,998,message,risus semper porta volutpat quam pede lobortis ligula sit amet,229,2024-02-28 03:03:40,true
911,316,story,pretium quis lectus suspendisse potenti in eleifend quam,683,2024-02-29 20:42:09,false
912,11,story,vel accumsan tellus nisi eu orci mauris lacinia sapien quis,585,2024-02-29 19:37:24,true
913,295,story,in faucibus orci luctus et ultrices posuere cubilia curae duis,543,2024-02-29 23:58:22,false
914,479,story,quis augue luctus,582,2024-02-29 20:37:56,false
915,972,story,tortor risus dapibus,954,2024-02-29 13:10:34,false
916,956,story,lorem,592,2024-02-29 12:19:40,true
917,748,message,morbi porttitor lorem,738,2024-02-29 02:10:30,true
918,972,story,etiam,783,2024-02-29 13:04:07,false
919,18,story,vulputate vitae nisl aenean lectus pellentesque eget nunc donec,54,2024-03-01 15:49:08,true
920,121,message,lectus vestibulum quam sapien varius ut,496,2024-02-29 11:44:12,true
921,555,story,mollis molestie lorem quisque,313,2024-03-01 23:58:52,true
922,990,story,odio consequat varius,134,2024-02-28 03:33:21,true
923,262,message,nisi venenatis tristique fusce,697,2024-02-29 17:15:58,true
924,705,story,in,872,2024-02-29 18:52:02,true
925,83,message,diam cras,18,2024-02-28 06:36:11,true
926,482,story,magnis dis parturient,256,2024-03-01 12:14:33,true
927,30,story,amet erat nulla tempus vivamus in felis eu sapien cursus,2,2024-02-28 15:10:21,true
928,994,story,mollis molestie lorem quisque ut erat curabitur gravida nisi,166,2024-02-28 04:42:51,true
929,955,message,magna vestibulum aliquet ultrices erat tortor,744,2024-02-28 07:52:02,true
930,780,story,faucibus orci,49,2024-02-29 14:24:14,false
931,55,story,eleifend,705,2024-02-28 11:22:30,false
932,172,message,amet consectetuer,940,2024-02-28 03:33:24,true
933,337,message,nulla pede ullamcorper augue a suscipit nulla,429,2024-02-29 06:50:40,true
934,111,message,ultrices vel augue vestibulum ante,681,2024-03-01 12:18:10,false
935,391,story,est quam pharetra magna ac consequat,134,2024-03-01 02:23:50,false
936,67,story,nulla tempus vivamus in felis eu,551,2024-02-29 13:39:19,false
937,701,story,eu magna vulputate luctus cum,414,2024-03-01 14:50:24,true
938,453,story,purus phasellus in felis donec semper sapien a libero,825,2024-02-29 06:04:33,false
939,315,story,amet,943,2024-03-01 13:20:29,true
940,974,message,eget semper rutrum nulla nunc,190,2024-03-01 01:08:05,false
941,141,story,leo maecenas pulvinar,262,2024-03-01 22:36:07,false
942,598,story,turpis adipiscing lorem,686,2024-02-29 16:15:21,true
943,919,story,morbi non lectus aliquam,28,2024-02-28 05:27:59,false
944,89,message,odio condimentum id luctus nec molestie,269,2024-02-28 17:50:51,true
945,349,message,amet,681,2024-02-28 13:16:10,true
946,284,message,posuere metus vitae,484,2024-02-29 08:00:01,true
947,303,story,erat id,510,2024-02-28 04:50:14,false
948,34,story,in hac habitasse platea dictumst,223,2024-03-01 21:57:48,true
949,448,message,nibh fusce lacus,607,2024-02-29 16:27:50,false
950,935,message,nunc nisl duis bibendum felis sed interdum venenatis,491,2024-02-28 03:57:57,true
951,496,story,felis sed interdum venenatis turpis enim blandit,524,2024-02-28 02:36:30,true
952,483,message,aenean,692,2024-03-01 11:22:17,false
953,260,story,nisl nunc rhoncus dui vel sem sed sagittis nam,680,2024-03-01 11:15:05,true
954,491,story,nulla justo aliquam quis,965,2024-03-01 03:42:54,true
955,26,story,gravida sem praesent id massa id,8,2024-02-28 02:09:55,false
956,536,message,posuere,934,2024-02-29 09:28:52,true
957,171,story,lacus purus aliquet,610,2024-02-28 06:55:40,false
958,742,message,turpis donec posuere metus vitae,155,2024-02-28 00:36:40,true
959,190,message,vel,245,2024-02-29 03:29:13,false
960,776,message,sit amet sem fusce consequat,982,2024-03-01 19:44:08,false
961,723,message,sollicitudin vitae consectetuer eget,708,2024-02-28 03:02:28,true
962,130,message,congue etiam justo etiam pretium iaculis justo in hac,589,2024-02-29 16:11:19,false
963,427,story,in tempor turpis nec euismod scelerisque quam turpis adipiscing lorem,977,2024-03-01 07:48:29,false
964,90,message,in faucibus orci luctus et,417,2024-02-29 18:10:34,true
965,415,story,justo eu massa donec dapibus,662,2024-03-01 13:47:34,false
966,691,message,eu magna vulputate luctus,640,2024-02-28 22:38:56,true
967,108,message,suspendisse potenti in eleifend quam a odio,651,2024-03-01 14:03:40,true
968,163,story,morbi porttitor lorem id ligula,958,2024-02-29 21:48:27,true
969,918,message,nunc purus phasellus in felis,930,2024-02-28 16:30:09,false
970,905,story,convallis eget eleifend luctus ultricies eu nibh,602,2024-03-01 20:28:59,false
971,978,story,quis,888,2024-02-28 04:27:50,false
972,412,message,magnis dis parturient montes nascetur ridiculus,858,2024-02-28 05:46:37,false
973,402,story,ultrices posuere cubilia,275,2024-02-28 16:02:42,false
974,387,message,aenean sit amet justo morbi,213,2024-02-29 04:54:39,false
975,173,story,justo sit amet sapien,389,2024-02-29 00:45:05,true
976,89,message,vel augue vestibulum rutrum,888,2024-02-28 15:00:50,false
977,97,story,metus sapien ut nunc vestibulum ante ipsum,375,2024-02-29 17:54:24,false
978,260,message,donec ut mauris eget massa,688,2024-03-01 19:11:34,false
979,528,message,mauris eget massa tempor,78,2024-02-29 15:01:05,false
980,703,story,donec pharetra magna vestibulum,167,2024-02-29 08:07:44,false
981,468,message,eleifend,156,2024-02-28 04:27:27,true
982,685,story,consequat in consequat ut nulla sed accumsan,391,2024-02-28 11:46:19,false
983,160,story,leo odio porttitor id consequat in consequat ut nulla,937,2024-03-01 15:40:55,true
984,498,message,rutrum neque aenean auctor gravida,269,2024-02-28 23:56:42,true
985,760,story,maecenas tincidunt lacus at velit vivamus vel nulla eget,809,2024-03-01 04:00:55,true
986,859,message,vivamus vel nulla eget eros elementum,566,2024-02-28 18:16:29,true
987,479,message,ligula pellentesque,433,2024-02-28 16:16:29,true
988,929,story,quis odio consequat varius integer ac leo pellentesque,660,2024-02-29 21:38:41,true
989,879,story,tincidunt lacus,973,2024-03-01 14:46:40,false
990,40,message,quam nec dui,992,2024-02-29 20:31:54,true
991,262,story,dapibus dolor vel est donec odio justo sollicitudin,402,2024-03-01 01:41:47,true
992,357,story,non interdum in ante,8,2024-02-28 16:00:50,false
993,672,story,aliquam sit amet diam in magna,153,2024-02-28 16:27:36,true
994,484,message,faucibus cursus urna ut tellus nulla,398,2024-03-01 06:56:34,false
995,891,message,congue etiam justo etiam pretium iaculis justo in hac,122,2024-02-28 10:46:26,false
996,799,story,amet sapien dignissim vestibulum vestibulum ante,533,2024-02-29 13:52:34,true
997,501,story,nam congue risus semper porta volutpat quam pede,491,2024-02-29 16:31:30,false
998,308,message,diam in magna bibendum imperdiet nullam,82,2024-02-29 22:02:27,true
999,925,story,sem fusce consequat nulla nisl nunc,317,2024-02-29 21:12:42,true
1000,540,story,massa tempor convallis nulla neque libero convallis eget eleifend luctus,745,2024-02-29 07:38:18,false
